Localidade,Código,Ano,Assinatura Celular,Usuários de Internet(%),Número de Usuários de Internet,Assinatura de Banda Larga,Anos_Escola_Ajustados_Aprendizagem,Razão bruta de matrícula combinada para educação terciária - Feminino,Razão bruta de matrícula combinada para educação terciária - Masculino,"Taxa líquida de matrícula combinada total, secundário, masculino","Taxa líquida de matrícula combinada total, secundário, feminino","Taxa líquida de matrícula combinada total, primário, feminino","Taxa líquida de matrícula combinada total, primário, masculino"
Afghanistan,AFG,2017,65.92913055,13.5,4811862,0.025297474,4.87,,,61.08087,35.12171,,
Afghanistan,AFG,2018,59.12084961,16.79999924,6163380,0.043040551,4.9497876,4.90508,14.2081,62.88953,36.69527,,
Afghanistan,AFG,2020,58.2558136,18.39999962,7170891,0.068253607,5.0528383,5.8231,15.05095,,,,
Albania,ALB,2010,91.32805634,45.0,1311031,3.579992533,7.3824778,51.57109,38.04778,,,86.81675,85.18038
Albania,ALB,2017,125.71035,62.40000153,1796721,10.52684498,8.92,69.81036,45.73384,85.06396,88.46079,,
Albania,ALB,2018,94.17700195,65.40000153,1881570,12.55565929,8.851396,67.57861,43.04797,84.32964,89.1819,,
Albania,ALB,2020,91.00294495,72.23999786,2071012,17.68495178,8.953018,71.36869,45.05058,,,,
Algeria,DZA,2010,91.11307526,12.5,4482044,2.501566648,7.2022004,35.42107,24.53242,,,,
Algeria,DZA,2017,110.7672501,47.6910553,19618454,7.756293774,6.84,57.24471,38.41262,,,,
Algeria,DZA,2018,111.6647949,49.03846741,20560362,7.262935638,7.0480285,64.42081,38.8317,,,,
Algeria,DZA,2020,103.8873138,62.90000153,27331100,8.643942833,7.0915527,66.42428,39.15606,,,,
Angola,AGO,2017,44.68610764,26.0,7854245,0.325048655,4.11,8.348338,10.321318,,,,
Angola,AGO,2018,43.13051987,29.0,9069326,0.355604529,4.2349777,8.069791,9.975736,,,,
Argentina,ARG,2010,139.5800171,45.0,18495056,9.85001564,8.238216,87.82828,58.88202,78.50932,85.80616,,
Argentina,ARG,2017,140.877121,74.29490662,32730336,17.84999657,8.87,112.79844,67.77473,88.61459,93.0542,,
Argentina,ARG,2018,132.0931549,77.69999695,34509360,19.10152245,8.739134,114.64645,69.2272,,,,
Argentina,ARG,2020,121.1704025,85.5,38505807,21.1780014,8.41131,125.99453,73.14957,,,,
Armenia,ARM,2017,118.4642334,64.74488068,1846478,10.70768642,7.86,58.67676,46.06831,,,91.91511,91.97348
Armenia,ARM,2018,121.2590179,68.24504852,1935814,11.77093506,8.07041,62.64839,47.1191,,,90.5458,90.87785
Armenia,ARM,2020,117.7357712,76.51000214,2146572,14.52486324,7.994621,60.71513,42.17717,,,,
Australia,AUS,2017,108.4417801,86.54505157,21281719,32.22340012,11.55,133.33777,93.83847,91.89515,92.69355,96.74048,96.04001
Australia,AUS,2018,111.0122528,87.59999847,21881803,33.84715271,11.40922,124.43976,91.83286,,,,
Australia,AUS,2020,107.659317,89.59999847,23000366,35.68494415,11.222505,133.15788,95.91199,,,,
Austria,AUT,2010,145.5538025,75.16999817,6286338,24.38064766,10.845024,,,86.73783,86.85324,87.91347,86.84695
Austria,AUT,2017,123.1192932,87.93558502,7736130,28.47424316,11.67,92.4615,78.0511,86.88993,87.11869,,
Austria,AUT,2018,123.5352707,87.47913361,7733609,28.35552788,11.275588,94.63156,79.20825,,,,
Austria,AUT,2020,118.9981308,87.52942657,7796929,28.93498611,10.906205,96.91481,78.13976,,,,
Azerbaijan,AZE,2010,100.7489853,46.0,4249113,5.262076378,6.878968,19.15638,19.36225,,,83.84758,84.97125
Azerbaijan,AZE,2017,102.8610535,79.0,7956540,18.33575821,8.75,29.03385,25.27021,,,94.68734,92.93884
Azerbaijan,AZE,2018,103.9214172,79.79999542,8101714,19.0050354,9.373489,29.69345,25.90973,88.86419,88.15416,92.24746,92.57672
Azerbaijan,AZE,2020,102.0230713,84.59999847,8701069,19.68082809,8.281513,38.48449,32.3691,,,,
Bahrain,BHR,2010,126.2833862,55.0,667510,12.48424435,8.422845,,,85.15745,87.10469,,
Bahrain,BHR,2017,158.2568054,95.87813568,1396795,12.99552345,9.6,64.26851,33.9515,90.44694,94.42112,,
Bahrain,BHR,2018,133.3409424,98.64467621,1467188,8.048444748,9.518841,67.84063,36.99245,86.97008,93.78209,95.85031,97.56867
Bahrain,BHR,2020,102.7678452,99.66999817,1472602,8.752362251,9.286839,78.51047,45.25967,,,,
Bangladesh,BGD,2017,94.526474,19.79999924,32035204,4.571801186,6.5,14.91033,21.27599,58.82658,68.87605,,
Bangladesh,BGD,2018,100.2447128,21.79999924,35683100,4.990118504,5.9978147,16.979649,24.011581,61.06971,72.27917,,
Bangladesh,BGD,2020,107.0375443,24.79999924,41520393,6.10410881,5.989421,21.432364,26.402048,,,,
Belarus,BLR,2020,123.8616104,85.08999634,8197353,34.45275497,10.784273,92.33138,81.17774,,,,
Belgium,BEL,2010,111.1100769,75.0,8158461,30.83667183,11.161227,75.92278,59.95715,92.22014,93.18099,97.45188,97.06578
Belgium,BEL,2017,99.45303345,87.67967987,9981885,38.3456192,11.14,90.46261,69.28979,94.81871,95.08123,98.87476,98.65984
Belgium,BEL,2018,99.69668579,88.6473465,10148878,39.21686172,11.240353,89.737,68.54914,,,,
Belgium,BEL,2020,99.48320007,91.52641296,10582024,40.84869766,11.183289,93.15635,69.25772,,,,
Benin,BEN,2010,76.90743256,3.130000114,295651,0.293871492,4.9740124,7.18678,20.30728,,,,
Benin,BEN,2017,78.5045929,18.70000076,2168599,0.256058097,5.73,7.46639,16.9937,,,,
Benin,BEN,2018,82.3842926,19.0,2268731,0.23538439,5.64372,7.94633,17.00044,,,,
Benin,BEN,2020,91.89727783,25.79999924,3261925,0.247302696,5.6664166,7.50968,14.59722,,,,
Bhutan,BTN,2020,96.56937408,53.5,413294,0.413292766,6.3267903,17.03242,16.04932,,,,
Bosnia and Herzegovina,BIH,2017,102.6423798,64.89202118,2232302,20.89636803,8.64,55.77616,40.31888,,,,
Bosnia and Herzegovina,BIH,2018,104.1256332,70.12013245,2384177,21.55180931,8.638537,51.13705,36.23183,,,,
Bosnia and Herzegovina,BIH,2020,106.9755478,73.20999908,2429408,23.48267365,7.801883,46.17034,30.17627,,,,
Botswana,BWA,2017,146.9601593,41.41379547,994696,1.470876336,5.27,29.24466,20.48172,,,,
Botswana,BWA,2018,150.0055847,58.0,1421818,1.776521325,5.074523,31.25288,22.21492,,,,
Botswana,BWA,2020,162.8407898,64.0,1629699,11.03597641,5.0830455,31.94718,20.34147,,,,
Brazil,BRA,2017,106.4644852,67.47128296,140680972,13.90912533,7.63,59.72615,43.71052,80.33465,83.18157,,
Brazil,BRA,2018,99.97170258,70.4342804,148029327,14.91053867,7.774814,61.59023,45.1861,,,,
Brazil,BRA,2020,96.83634949,81.34269714,173419624,17.09859276,7.8728395,64.55419,45.057,,,,
Brunei,BRN,2020,122.6548004,95.0,419649,16.24717903,9.218924,39.36457,25.34664,,,,
Bulgaria,BGR,2010,137.3728027,46.22999954,3509907,15.14776802,9.222812,66.09698,49.96362,84.93539,82.92028,,
Bulgaria,BGR,2017,120.1404495,63.41010284,4554386,25.29667282,10.29,78.82418,63.71405,90.18541,87.85868,86.31274,86.57095
Bulgaria,BGR,2018,118.939682,64.78201294,4610811,27.00016785,9.80042,79.33702,64.19235,,,,
Bulgaria,BGR,2020,114.3527679,70.16000366,4896594,30.43922806,8.687309,84.28183,67.10854,,,,
Burkina Faso,BFA,2010,36.57654953,2.400000095,386804,0.087823197,3.1555173,2.30869,4.8193,18.50884,14.38973,57.39892,62.34036
Burkina Faso,BFA,2017,93.50365448,16.79999924,3332424,0.064402901,4.2,4.09469,7.85601,28.95706,29.33465,75.4478,77.36641
Burkina Faso,BFA,2018,97.91226959,17.39999962,3548335,0.069959365,4.3516855,4.76497,8.18674,30.33627,31.69258,77.69237,79.56541
Burkina Faso,BFA,2020,105.8074417,22.0,4734979,0.066874698,4.5330615,5.56166,10.05352,,,,
Burundi,BDI,2010,19.3419323,1.0,91266,0.004057355,4.3617525,2.29263,4.22468,16.67038,13.68895,96.42535,94.32479
Burundi,BDI,2017,54.68367767,2.660748482,296822,0.036150303,5.08,2.70674,5.14107,25.22708,31.38195,96.35943,93.40181
Burundi,BDI,2018,56.53470612,4.099999905,471233,0.035211351,5.3796825,3.07171,5.05226,24.03288,31.01462,94.09198,91.52725
Burundi,BDI,2020,55.76714706,9.399999619,1148701,0.035573769,5.1646743,4.10689,5.83764,,,,
Cambodia,KHM,2017,116.0128555,32.90028,5208343,0.834715366,6.9,11.579129,11.939743,,,90.32308,90.75333
Cambodia,KHM,2018,119.4915161,0.0,0,1.022782326,6.8543167,12.280196,12.073291,,,90.19264,90.33487
Cambodia,KHM,2020,126.1249771,0.0,0,1.3982445,6.8439803,13.932986,11.869195,,,,
Cameroon,CMR,2010,42.45882416,4.300000191,854756,0.029270584,5.451394,10.00334,12.30369,,,,
Cameroon,CMR,2017,81.96421051,23.20297241,5659943,1.556447387,5.5,11.44435,14.06749,,,88.71914,96.96492
Cameroon,CMR,2018,73.19020081,29.70000076,7447796,1.5696733,5.2889247,13.40384,15.12481,,,,
Canada,CAN,2010,75.62882233,80.30000305,27272624,31.67752457,11.427462,71.82283,52.04627,,,,
Canada,CAN,2017,86.28149414,92.70137024,33886378,37.90637207,11.74,79.29239,59.06871,99.62981,100.0,,
Canada,CAN,2018,89.57894135,94.63999939,35050170,38.96365738,11.784588,80.57796,60.16537,,,,
Canada,CAN,2020,85.73967743,96.97000122,36740677,41.9314003,11.724046,90.9768,68.59669,,,,
Chad,TCD,2010,24.05682182,1.700000048,202210,0.002769379,2.7752626,0.62069,3.56014,,,,
Chile,CHL,2010,116.3498917,45.0,7651875,10.48704052,9.021066,70.32853,65.47506,83.2031,86.45824,95.50473,95.41133
Chile,CHL,2017,124.5944748,82.32748413,15122391,16.57996368,9.57,94.66281,82.46128,87.45981,89.88541,94.76194,94.72014
Chile,CHL,2018,134.4373169,84.90000153,15877533,17.35736084,9.688812,97.89286,84.11824,,,,
Chile,CHL,2020,131.1361389,88.30000305,17042181,19.68919373,9.40743,99.47923,84.0987,,,,
China,CHN,2017,103.4384232,54.29999924,765779840,27.73989868,9.67,53.97915,44.71566,,,,
China,CHN,2018,115.5258102,59.20000076,838905119,28.53518867,9.171392,55.88122,45.92842,,,,
China,CHN,2020,119.3901596,70.40477753,1003218650,33.59560394,9.270027,63.92701,53.57205,,,,
Colombia,COL,2010,98.35249329,36.5,16357878,5.844482899,8.228467,41.34383,37.54723,72.45884,78.27416,91.39447,92.29348
Colombia,COL,2017,127.2136993,62.25988007,30103691,12.94429111,8.46,60.83253,52.19238,73.92565,79.31285,93.37977,92.90064
Colombia,COL,2018,129.9086151,64.12637329,31599532,13.44825268,8.520751,59.72434,51.09034,74.88658,80.16872,93.16194,92.68858
Colombia,COL,2020,132.9967041,69.79000092,35544505,15.26008415,8.622162,58.58776,50.05438,,,,
Comoros,COM,2017,57.61378479,8.478170395,64576,0.201992407,5.3,,,41.20381,44.81304,78.93816,80.70587
Comoros,COM,2018,59.94110489,0.0,0,0.183943227,5.0643597,,,49.09022,51.66721,80.68777,80.81761
Congo,COG,2010,87.01408386,5.0,221894,0.00584969,5.595566,,,,,84.61883,87.85323
Congo,COG,2017,98.92979431,8.649999619,459518,0.0,5.22,10.1462,15.17202,,,,
Costa Rica,CRI,2017,178.5944214,71.58166504,3574680,15.03127098,8.58,63.17331,50.15326,79.94401,83.87925,96.29905,96.38346
Costa Rica,CRI,2018,169.9306946,73.4797287,3703921,16.69754601,8.500433,60.86441,49.98328,80.66948,84.30884,,
Cote d'Ivoire,CIV,2010,75.97078705,2.700000048,570241,0.0,3.0248766,5.16145,10.20128,,,,
Cote d'Ivoire,CIV,2017,129.9121094,34.79999924,8647112,0.584450841,4.21,7.6355,11.06148,43.59474,32.40814,81.9408,89.18092
Cote d'Ivoire,CIV,2018,134.8579559,37.54653549,9572110,0.701728761,4.55083,,,45.34263,35.05883,86.60521,94.02388
Cote d'Ivoire,CIV,2020,152.0010223,0.0,0,0.98602736,4.811591,8.71262,11.12261,,,,
Croatia,HRV,2010,113.867012,56.54999924,2470489,19.35836601,10.321753,62.11654,46.26565,92.22686,97.97959,85.6045,86.01478
Croatia,HRV,2017,103.1730194,67.09619141,2812986,26.19934082,10.75,78.83716,57.38623,90.81997,94.05053,,
Croatia,HRV,2018,105.5834579,75.29462433,3132624,27.14540482,10.809689,79.05442,56.78118,,,,
Croatia,HRV,2020,106.5874405,78.32093048,3208708,25.11342049,10.446162,79.96888,56.81144,,,,
Cyprus,CYP,2010,123.1330109,52.99000168,598624,23.15491867,9.809347,45.62976,50.87154,88.05358,89.65071,,
Cyprus,CYP,2017,136.1723022,80.74318695,975803,34.21499634,10.87,82.35413,69.58511,95.27911,95.3969,97.89554,97.11105
Cyprus,CYP,2018,137.0450897,84.43358612,1029105,35.78741837,10.91709,84.4955,78.0345,,,,
Cyprus,CYP,2020,139.6351318,90.80194855,1123710,37.39639664,10.91709,98.12272,87.47983,,,,
Czechia,CZE,2010,122.7549744,68.81999969,7201841,21.46040154,10.843941,74.8885,53.63375,,,,
Czechia,CZE,2017,118.751236,78.71916962,8290164,29.56565094,11.65,75.2737,53.38812,89.59659,91.49009,,
Czechia,CZE,2018,119.1135101,80.68816376,8500174,30.2168808,11.33578,74.52981,53.49835,,,,
Czechia,CZE,2020,121.3916779,81.33889771,8565759,35.90842056,11.116524,79.42752,57.22677,,,,
Democratic Republic of Congo,COD,2020,45.55354691,13.60000038,12628031,0.034613125,4.5322757,5.23194,8.76297,,,,
Denmark,DNK,2010,115.5890274,88.72000122,4924714,38.02817917,11.091454,87.44201,60.36312,88.95108,91.37941,96.85161,94.98563
Denmark,DNK,2017,124.5728836,97.09936523,5570868,43.81980133,11.42,93.57748,68.35646,89.6541,92.25643,,
Denmark,DNK,2018,125.4530029,97.31920624,5612096,44.08637619,11.37422,94.43289,68.65917,,,,
Denmark,DNK,2020,125.2144699,96.54914856,5624604,44.72016144,11.098828,96.84692,69.56171,,,,
Dominican Republic,DOM,2017,83.41139984,67.57124329,7194477,7.805287361,6.33,77.01242,42.98214,66.45009,74.18809,92.70941,93.03338
Dominican Republic,DOM,2018,84.1020813,74.822052,8054992,8.098377228,6.6819587,,,66.76219,74.54667,92.68957,92.73669
Ecuador,ECU,2010,98.46522522,29.03000069,4351475,1.474373937,7.336009,,,71.15779,72.48103,,
Ecuador,ECU,2017,87.28679657,55.79999924,9316896,10.59617996,8.86,,,84.19239,86.53268,,
Ecuador,ECU,2018,92.32327271,57.5,9784011,11.43506241,8.754255,50.93575,44.37571,83.3652,86.0294,,
Ecuador,ECU,2020,87.77032471,64.59999847,11362233,13.44040012,8.69649,57.32951,48.00987,,,,
Egypt,EGY,2010,85.37934875,21.60000038,18846522,1.753995061,6.486408,30.01423,32.75881,,,,
Egypt,EGY,2017,106.7559357,44.95020294,45754535,5.426929951,6.34,35.77688,34.57846,81.45799,81.87378,,
Egypt,EGY,2018,95.28659821,46.92433548,48679666,6.730521202,6.504568,39.81048,38.04088,82.44713,83.12511,,
El Salvador,SLV,2017,148.3697052,33.8207283,2119430,7.064090252,6.55,30.15279,26.96768,59.53829,60.83482,80.63027,79.85319
El Salvador,SLV,2018,146.9221039,43.79999924,2749037,7.666788101,7.6339335,31.1478,27.54276,61.12096,62.55455,81.41932,80.58923
Estonia,EST,2010,124.0753479,74.09999847,986667,26.11536217,11.240217,85.852,51.61741,90.16334,91.74543,,
Estonia,EST,2017,144.3413239,88.10245514,1160794,32.47356796,11.36,83.98624,55.06017,93.28745,95.49697,94.22231,93.17159
Estonia,EST,2018,145.4384308,89.35700989,1181430,33.34842682,11.6930065,85.34838,56.31225,,,,
Eswatini,SWZ,2010,68.16085815,11.03999996,121432,0.343526751,4.089244,,,33.32982,40.64823,87.16025,88.43296
Eswatini,SWZ,2017,93.52732086,30.29999924,348873,0.711234391,5.74,,,,,82.37601,82.66946
Ethiopia,ETH,2017,37.21807098,18.61805153,20144349,0.059163578,4.51,7.60955,13.30114,,,,
Finland,FIN,2010,156.3611755,86.88999939,4660153,29.06193352,12.208893,103.07247,84.27249,93.54657,94.28708,98.22126,98.20242
Finland,FIN,2017,129.9132233,87.46892548,4817916,31.02676201,12.05,95.7475,80.95853,95.82859,96.3946,98.75032,98.51376
Finland,FIN,2018,129.4685669,88.88996124,4902695,31.45271301,12.047586,98.0628,82.81042,,,,
Finland,FIN,2020,128.5031586,92.16999817,5096511,33.31697083,11.738752,105.08065,85.51266,,,,
France,FRA,2010,91.89794922,77.27999878,48257161,33.9331398,11.24583,61.24571,48.70747,91.75421,93.4033,97.51143,97.19601
France,FRA,2017,106.4394379,80.50245667,51637570,43.92180634,11.3,73.04025,58.83112,94.0351,95.32789,,
France,FRA,2018,108.3573532,82.04319,52735567,44.77576828,11.17285,75.1806,60.22155,,,,
France,FRA,2020,111.4556274,84.80000305,54679086,46.92102432,11.2687235,78.04892,61.05803,,,,
Gambia,GMB,2010,82.4420166,9.199999809,178230,0.019518223,4.263064,1.6102,2.31098,,,64.44951,62.1181
Gambia,GMB,2017,133.9723969,25.10000038,597678,0.180677533,4.84,,,,,79.84201,72.42019
Gambia,GMB,2018,139.5290222,32.59999847,797043,0.194421813,5.003186,,,,,80.63495,73.06389
Georgia,GEO,2010,97.05162048,26.89999962,1032108,4.450539112,7.8855686,37.04547,28.36432,,,,
Georgia,GEO,2017,137.260788,59.70550537,2252034,19.36248398,8.88,60.68054,53.25228,93.46762,95.0518,,
Georgia,GEO,2018,136.380661,62.71790695,2365922,21.41689873,9.153195,63.73786,57.25506,95.15542,96.84329,,
Georgia,GEO,2020,127.8487701,72.53158569,2731476,24.37005043,8.273992,71.96963,62.011,,,,
Germany,DEU,2010,109.3693924,82.0,66686572,32.367836,11.262253,,,88.41838,87.81084,89.40695,88.30641
Germany,DEU,2017,132.7148743,84.39415741,69730139,40.20437622,11.74,70.70689,69.81855,85.86768,84.68996,,
Germany,DEU,2018,129.3242188,87.03710938,72150888,41.08544159,11.264978,71.48545,69.28555,,,,
Germany,DEU,2020,128.1868591,89.8129425,74840220,43.22463608,11.03309,75.08486,71.07018,,,,
Ghana,GHA,2017,126.201622,37.88415146,11449449,0.195079476,5.7,13.42023,18.49143,55.08278,55.81603,85.75493,84.63233
Ghana,GHA,2018,137.5171661,43.0,13274379,0.205824539,5.826932,13.56528,17.72465,57.76273,58.78122,85.08209,83.90292
Ghana,GHA,2020,130.2149353,58.0,18664633,0.25221625,5.9587283,17.71556,19.61675,,,,
Greece,GRC,2010,112.9052734,44.40000153,4899000,20.69000816,10.464372,107.34075,100.49854,94.89623,95.55662,95.86262,97.72365
Greece,GRC,2017,122.4009399,69.89296722,7473117,35.74706268,9.77,136.99724,136.23201,94.04781,92.61503,98.45671,97.99765
Greece,GRC,2018,115.6669083,72.2383728,7681305,37.65226364,10.073087,142.88243,142.82315,,,,
Greece,GRC,2020,109.497612,78.11584473,8211719,40.84240723,9.964251,152.40282,149.40639,,,,
Grenada,GRD,2018,106.5201797,55.09999847,67141,24.21357727,7.741019,116.22426,93.20107,,,,
Guatemala,GTM,2010,123.4959335,10.5,1527028,1.770284414,6.0727935,,,43.16445,40.37961,95.36747,95.05575
Guatemala,GTM,2017,118.1585388,37.90000153,6283334,3.139231205,6.29,,,44.53665,42.6191,85.59574,85.5729
Guatemala,GTM,2018,118.6670837,41.5,6992823,0.0,6.2009287,,,44.54363,42.97926,87.03699,86.74199
Guinea,GIN,2017,96.9544754,18.70000076,2289028,0.009339119,4.54,5.45824,12.8765,,,,
Guinea,GIN,2018,96.7674942,21.83002281,2740731,0.009770995,4.6119046,4.43222,11.36557,,,,
Guinea,GIN,2020,105.0423737,26.0,3433341,0.007614525,4.56822,3.3660855,8.266938,,,,
Honduras,HND,2017,87.32089996,31.70000076,3051710,2.527210474,6.38,28.12971,20.67633,40.95284,46.71862,80.92844,79.29462
Honduras,HND,2018,79.15031433,36.0,3525427,3.70127964,6.133804,30.28331,22.18382,,,,
Hong Kong,HKG,2010,198.0056458,72.0,5135355,31.11701202,11.556189,59.46156,59.73752,79.58861,80.16382,,
Hong Kong,HKG,2017,251.7649994,89.41594696,6671778,36.38038254,12.07,78.54645,70.29046,93.28205,94.22031,,
Hong Kong,HKG,2018,269.9337158,90.50739288,6771368,36.82553482,12.043218,81.11762,72.89821,95.76465,96.54371,,
Hong Kong,HKG,2020,291.653595,92.41313934,6931868,38.48997498,11.886783,89.45467,79.57803,,,,
Hungary,HUN,2010,120.9970322,65.0,6491441,21.75219536,10.68446,73.77801,54.13633,89.13358,89.04917,91.68665,92.40063
Hungary,HUN,2017,102.2118988,76.75054932,7513065,30.38683319,10.74,53.91295,43.34087,89.05489,89.51638,90.10324,91.52842
Hungary,HUN,2018,103.4451752,76.07436371,7437304,31.72340202,10.6924305,55.56223,45.30236,,,,
Hungary,HUN,2020,106.959465,84.77114868,8265671,33.8011322,10.271568,61.1176,49.49188,,,,
Iceland,ISL,2010,106.4774246,93.38999939,297303,34.09380341,10.965888,101.54269,56.76676,87.23793,88.56614,99.52137,98.93062
Iceland,ISL,2017,119.9878616,98.25520325,337645,40.25921631,10.65,94.42382,50.60147,90.18292,92.39913,,
Iceland,ISL,2018,122.1696243,99.01095581,349460,40.98119354,10.705074,95.70392,51.76508,,,,
Iceland,ISL,2020,123.4850235,99.0,363015,41.55865479,10.718311,112.41472,57.40852,,,,
India,IND,2017,87.31773376,18.20000076,246463630,1.333856225,5.78,28.038717,26.911413,,,,
India,IND,2018,86.94256592,20.08130074,274913663,1.343296766,6.9247475,29.061646,27.170256,,,,
India,IND,2020,83.60189819,43.0,600446441,1.663038135,7.1021705,31.293936,27.79505,,,,
Indonesia,IDN,2010,87.36986542,10.92000008,26646567,0.942925274,7.230374,22.47408,25.67771,66.76686,66.52676,94.47534,93.99594
Indonesia,IDN,2017,164.4405975,32.3358078,85527839,2.348724842,7.93,38.99032,34.00785,,,91.77869,96.28794
Indonesia,IDN,2018,119.3387222,39.9046402,106572065,3.315312862,7.93458,38.99366,33.75196,77.64231,79.88474,90.9674,95.88766
Iran,IRN,2010,73.27809143,15.89999962,11984444,1.338822246,7.9503584,44.10528,44.23285,78.47456,74.15788,96.26721,96.8292
Iran,IRN,2017,107.8997955,64.04397583,54120413,10.66014004,8.07,62.85649,73.3309,82.33494,80.37532,,
Iran,IRN,2018,108.4623947,70.20056152,60104008,11.98866558,8.192462,58.91134,66.60736,,,,
Iran,IRN,2020,151.9472198,84.11087036,73420540,11.38690186,8.192462,57.18224,59.23799,,,,
Ireland,IRL,2010,103.2310638,69.84999847,3160420,22.39552307,11.299463,65.4138,60.78759,95.39837,98.01097,,
Ireland,IRL,2017,103.0630035,84.11400604,4013803,29.42806435,11.8,81.99678,73.74135,,,,
Ireland,IRL,2018,103.171051,87.00013733,4206027,29.67943573,11.959568,82.06007,72.70329,,,,
Ireland,IRL,2020,105.9994736,91.99989319,4550428,30.71159744,11.594797,80.75593,68.78206,,,,
Israel,ISR,2010,124.0191498,67.5,4946696,23.98438644,10.416695,74.55251,57.59214,,,,
Israel,ISR,2017,127.8529129,81.58118439,6778789,28.40906334,11.08,74.47486,52.81753,,,,
Israel,ISR,2018,127.6618729,83.7331543,7080883,29.05202293,11.087428,72.55492,50.9764,,,,
Israel,ISR,2020,141.7590027,90.12734222,7892890,30.06260109,10.586509,72.95196,49.80781,,,,
Italy,ITA,2010,157.8857574,53.68000031,32112692,22.07834435,10.928949,77.70516,54.41539,96.06002,96.65725,,
Italy,ITA,2017,138.2337646,63.0773468,37848946,27.33701134,11.16,71.51538,53.02467,94.0774,95.29366,95.36984,95.92537
Italy,ITA,2018,137.4669495,74.38718414,44541136,28.30062294,10.890854,74.1235,55.17592,,,,
Italy,ITA,2020,128.3141022,70.48342896,41938046,29.9838562,10.451879,80.59231,59.15833,,,,
Jamaica,JAM,2017,105.8330307,55.07206726,1546637,8.186663628,7.25,,,70.21655,76.32316,82.74604,82.29498
Jamaica,JAM,2018,101.0265274,68.21451569,1918084,9.702584267,7.1720037,,,71.72318,76.31102,81.26045,80.78449
Japan,JPN,2017,135.5186615,91.72654724,116183105,31.78948975,12.29,62.48719,65.06032,,,,
Japan,JPN,2018,141.4069977,91.27999878,115246358,32.62231064,12.294594,62.98493,65.16645,,,,
Jordan,JOR,2010,91.16524506,27.20000076,1885304,4.038758278,7.877404,39.59065,34.81321,,,79.98633,81.43948
Jordan,JOR,2017,99.15637207,64.5,6588923,3.391889811,7.61,33.25256,29.06493,60.9865,62.83679,79.54806,80.62635
Jordan,JOR,2018,87.62149048,66.09999847,6913970,4.009867191,7.5474086,37.37089,31.51004,61.68659,63.52398,80.17565,81.53623
Jordan,JOR,2020,68.48769379,0.0,0,6.179914951,7.6661263,36.90745,30.26646,,,,
Kazakhstan,KAZ,2010,119.383873,31.60000038,5254397,5.350634098,8.998002,51.68813,40.74481,92.25405,92.86819,,
Kazakhstan,KAZ,2017,147.6397858,76.42675018,13997423,14.24832535,11.47,56.12924,44.38799,,,,
Kazakhstan,KAZ,2018,142.2824402,78.90391541,14627287,13.43532372,11.797472,60.0332,48.20818,,,,
Kazakhstan,KAZ,2020,129.3831787,85.94259644,16311260,13.95558834,9.127437,77.57812,64.13539,,,,
Kenya,KEN,2017,85.25315857,17.82710075,8726034,0.574066997,7.79,9.73054,13.20053,,,,
Kuwait,KWT,2010,132.9979706,61.40000153,1807226,1.537492752,7.7299128,,,85.37423,89.48552,,
Kuwait,KWT,2017,176.0024414,97.99999237,4042406,2.902271271,7.63,77.46966,36.65578,,,87.05552,84.80825
Kuwait,KWT,2018,171.6053314,99.59884644,4299871,2.509382963,7.432086,76.13706,35.82565,,,86.86493,78.9513
Kuwait,KWT,2020,158.5349121,99.10588074,4321463,1.731571674,7.382034,81.78085,43.45121,,,,
Kyrgyzstan,KGZ,2017,136.8066406,38.19903946,2338265,4.168402672,8.44,47.51968,38.29963,83.38251,82.93139,,
Kyrgyzstan,KGZ,2018,138.5660553,42.79999924,2663659,3.975425243,8.637445,46.73536,36.00659,84.64377,84.12084,,
Kyrgyzstan,KGZ,2020,130.4528809,0.0,0,4.429665089,8.652101,51.72928,41.36852,,,,
Laos,LAO,2017,53.38406754,25.5104351,1785201,0.39144057,6.39,16.0495,15.437111,60.94286,59.29533,91.72209,93.22323
Laos,LAO,2018,51.86337662,29.10000038,2067557,0.642624855,6.309405,15.517627,14.425534,60.65005,59.35568,90.64573,92.25867
Laos,LAO,2020,56.35305023,33.79999924,2473956,1.759314775,6.252321,14.381165,12.597894,,,,
Latvia,LVA,2010,108.8367767,68.41999817,1437872,20.52404594,10.714331,88.43245,50.43416,89.28055,91.55861,97.3804,96.99663
Latvia,LVA,2017,126.2941818,80.11407471,1566119,26.97057152,11.27,105.05897,72.0232,92.71269,94.93903,96.82776,95.80282
Latvia,LVA,2018,107.3489227,83.57717133,1617746,27.27540398,11.557375,111.84521,75.43283,,,,
Latvia,LVA,2020,108.7562943,88.90000153,1686484,26.00835037,10.978801,109.43718,80.64872,,,,
Lesotho,LSO,2010,49.48173141,3.859999895,78078,0.020044288,5.3775744,,,27.52585,44.71418,89.475,87.79324
Lesotho,LSO,2017,113.8305206,39.0,846543,0.230500683,5.5,13.33513,8.2274,,,93.38934,93.23133
Lesotho,LSO,2018,75.04244995,40.79999924,896796,0.273344576,6.314051,12.39755,8.01804,,,,
Liberia,LBR,2017,56.56895447,16.29999924,781851,0.19139871,2.34,,,,,44.40058,44.11589
Lithuania,LTU,2010,156.5706482,62.11999893,1949960,21.74651146,10.953849,104.55157,69.15929,96.64158,97.33785,,
Lithuania,LTU,2017,153.2757263,77.61525726,2254298,28.07215309,11.17,84.00104,61.4016,98.49294,98.3545,,
Lithuania,LTU,2018,134.3918304,79.72257996,2292923,28.15668297,11.367647,85.70255,62.43534,,,,
Lithuania,LTU,2020,134.8863068,83.05554962,2342390,29.27000046,10.975232,84.03286,58.44114,,,,
Luxembourg,LUX,2010,143.14151,90.62000275,459511,33.15055084,10.184711,19.22441,17.33155,85.17158,88.45178,93.74643,91.78827
Luxembourg,LUX,2017,134.1420135,97.36296082,580566,36.25551224,9.91,20.1493,18.21811,82.02628,85.22662,,
Luxembourg,LUX,2018,132.1649323,97.06130219,590055,37.12070465,9.929836,19.96398,17.30396,,,,
Luxembourg,LUX,2020,142.1775208,98.82242584,622978,37.56601715,9.795577,20.96482,17.54272,,,,
Macao,MAC,2010,208.5138245,55.19800186,307622,24.54038239,9.175985,54.09354,56.08768,72.25076,72.59098,84.70891,82.74966
Macao,MAC,2017,328.7904358,83.17408752,531160,29.87543869,11.0,96.16884,73.66149,82.58633,86.30034,96.92808,96.65402
Macao,MAC,2018,345.3245239,83.79409027,545496,30.56459808,11.072586,104.46099,77.42853,84.55769,88.4108,96.39243,96.39843
Macao,MAC,2020,430.1323547,88.09999847,595809,32.03277206,11.573814,130.49245,96.602,,,,
Madagascar,MDG,2010,36.45920944,1.700000048,369428,0.025487386,5.1180897,3.50057,3.83985,,,,
Madagascar,MDG,2017,34.14284134,9.800000191,2564615,0.098011337,4.19,5.09647,5.47349,27.95657,30.28809,,
Madagascar,MDG,2018,40.57034302,15.0,4026982,0.103612348,4.713441,5.21415,5.48737,28.66958,31.03119,,
Madagascar,MDG,2020,57.30739212,0.0,0,0.115560934,4.713441,5.43273,5.62195,,,,
Malawi,MWI,2010,21.44048882,2.25999999,332636,0.007462372,5.1356025,0.53521,0.90259,29.879,28.37883,,
Malawi,MWI,2018,39.00579453,8.0,1469431,0.062601909,5.5110817,1.28562,2.16699,33.7171,34.76096,,
Malaysia,MYS,2010,120.0321121,56.29999924,16168081,7.436888218,8.286579,42.99131,31.37361,71.90541,76.90315,96.37475,96.09972
Malaysia,MYS,2017,136.1163177,80.14048004,25625569,8.641152382,9.11,47.066387,40.54763,71.36837,77.62036,,
Malaysia,MYS,2018,134.526001,81.2010498,26308547,8.551119804,9.335915,49.854656,40.663494,69.18652,75.42821,,
Malaysia,MYS,2020,135.091156,89.55501556,29732254,10.3775568,8.889285,48.437527,37.04531,,,,
Mali,MLI,2017,119.0233231,18.89999962,3649846,0.083187349,2.74,2.5711634,6.012804,32.47233,26.13803,57.72537,64.71794
Mali,MLI,2018,115.084671,21.39999962,4265941,0.633900762,2.860348,3.2721012,6.9689627,32.95999,26.81248,55.75683,62.02415
Malta,MLT,2010,109.9760284,63.0,263818,30.38940048,9.726167,42.94957,32.03167,84.93877,82.61997,,
Malta,MLT,2017,138.0939484,81.01190948,388458,41.40313721,10.08,63.17398,46.03255,91.52666,94.47046,,
Malta,MLT,2018,140.2039337,81.65804291,401423,43.67304993,10.193724,68.76969,50.39826,,,,
Malta,MLT,2020,143.3887482,86.85876465,447639,48.33481598,10.193024,83.96673,59.72774,,,,
Mauritania,MRT,2017,95.133461,24.20000076,1006724,0.295079827,3.42,3.33115,6.62026,27.86818,28.5148,79.92064,75.78444
Mauritania,MRT,2018,103.7060471,35.09999847,1499022,0.300319314,4.025404,3.50048,6.46213,30.24987,31.72382,80.85963,78.32501
Mauritania,MRT,2020,106.0845947,40.79999924,1835431,0.39695394,4.2314367,4.4849,7.2271,,,,
Mauritius,MUS,2010,95.42812347,28.32999992,363572,7.526072502,9.054855,36.91036,30.53537,,,,
Mauritius,MUS,2017,145.472641,55.4032402,717330,19.4543457,9.46,47.45723,33.86001,81.50882,87.69854,,
Mauritius,MUS,2018,151.3591156,58.59616852,759047,21.67797089,9.447635,,,81.66395,87.0561,,
Mauritius,MUS,2020,150.4126587,64.88490295,842096,25.4134407,9.405725,52.60554,36.10531,,,,
Mexico,MEX,2010,80.09564209,31.04999924,34941309,9.275650978,8.503864,27.25701,27.87713,68.55751,71.64942,,
Mexico,MEX,2017,91.62670898,63.85224915,78435628,13.62465668,8.64,40.62317,39.8398,79.84907,82.50117,,
Mexico,MEX,2018,95.22511292,65.77263641,81567188,14.54854202,8.812746,42.309,40.74708,,,,
Mexico,MEX,2020,95.31976318,71.96819305,90678697,17.01362228,8.824254,46.59691,43.05109,,,,
Moldova,MDA,2010,62.42147446,32.29999924,1188054,6.626300335,7.9066463,,,77.95972,79.31622,87.4003,87.77125
Moldova,MDA,2017,92.28905487,76.12451935,2421152,14.39348507,8.21,61.89029,47.80839,77.9212,77.78425,85.95203,87.0249
Moldova,MDA,2018,89.7576828,0.0,0,15.37866783,8.250541,63.48577,48.27321,78.29615,77.59551,86.19406,86.42633
Moldova,MDA,2020,84.78964996,0.0,0,17.82368851,8.288821,67.46733,48.92443,,,,
Mongolia,MNG,2017,124.8052063,23.71426582,734201,9.155831337,9.45,70.93764,50.66216,,,,
Mongolia,MNG,2018,133.1783447,47.13000107,1491190,9.657071114,9.193137,69.762695,50.269413,,,,
Mongolia,MNG,2020,133.1157074,62.5000267,2058963,9.369702339,9.153257,81.80882,51.59861,,,,
Montenegro,MNE,2010,187.4174042,37.5,236643,10.3584156,8.023244,58.33446,46.45084,,,,
Montenegro,MNE,2017,166.4651947,71.27233124,450758,21.8983593,8.55,66.11125,50.90382,88.70322,90.02813,96.08448,95.37896
Montenegro,MNE,2018,180.6938171,71.51709747,451601,25.33079338,8.71593,64.91357,47.94991,88.45482,89.75502,,
Montenegro,MNE,2020,171.9706268,77.60879517,488204,29.32430649,8.9080925,64.36961,47.37429,,,,
Morocco,MAR,2010,98.8835144,52.0,16881730,1.559821129,5.7517395,13.82102,15.31543,53.49376,48.441,91.65842,92.88682
Morocco,MAR,2017,123.4247284,61.76221085,21942950,3.875262499,6.23,33.29096,34.25778,63.7417,63.17838,96.96158,96.83048
Morocco,MAR,2018,124.1715546,64.80386353,23282418,4.309292316,6.0500154,35.69778,36.16394,64.48602,64.49911,,
Morocco,MAR,2020,133.8939972,84.12036133,30862724,5.696022987,6.3176813,41.71071,39.5793,,,,
Mozambique,MOZ,2017,41.45170212,7.800000191,2228417,0.215159208,4.39,6.34179,7.92127,,,88.22894,91.51815
Mozambique,MOZ,2018,47.71577835,10.89999962,3207203,0.237801701,4.318279,6.53364,8.10823,,,92.4766,95.37994
Myanmar,MMR,2017,89.81716156,23.62108231,12351073,0.208995372,6.7,,,57.24047,62.02187,,
Myanmar,MMR,2018,113.8444901,28.70000076,15115147,0.240279347,6.673929,21.98387,15.63253,61.49661,66.63893,,
Namibia,NAM,2010,92.03340912,11.60000038,243516,0.445283681,5.4058714,,,,,92.83527,90.72134
Namibia,NAM,2017,111.5524521,36.83740616,871035,2.7377882,5.82,30.26425,15.31023,,,,
Namibia,NAM,2018,112.7023621,40.0,962273,2.531061411,6.134818,31.8548,16.15023,,,,
Namibia,NAM,2020,114.0587692,41.0,1020531,2.796759367,6.106065,35.55529,18.78235,,,,
Nepal,NPL,2017,130.629364,24.29999924,6848572,1.821053863,6.89,11.64118,11.53636,56.46276,58.58795,,
Nepal,NPL,2018,139.4463654,28.60000038,8152921,2.818796396,7.1095786,12.82445,11.96419,,,,
Nepal,NPL,2020,131.1502686,37.70000076,11064432,4.358747959,7.226661,14.794476,13.622741,,,,
Netherlands,NLD,2010,114.9619064,90.72000122,15075052,37.93701172,11.739408,67.26598,60.29188,87.28584,88.50049,,
Netherlands,NLD,2017,120.625,93.19728088,16036646,42.82610703,11.71,90.91987,79.30307,92.61802,93.74044,99.08544,98.23325
Netherlands,NLD,2018,123.7312088,91.89189148,15884471,43.4167099,11.760834,92.85855,81.59804,,,,
Netherlands,NLD,2020,124.9790497,91.33333588,15923567,43.91638184,11.539022,99.12558,85.22737,,,,
New Zealand,NZL,2017,136.1113129,87.69999695,4162464,33.66628265,11.25,97.17176,67.85505,96.04486,97.71525,,
New Zealand,NZL,2018,133.2242279,89.0,4306290,34.73728561,11.333543,99.13541,67.73515,,,,
New Zealand,NZL,2020,127.4928055,91.5,4630934,36.60096741,11.390235,97.29279,63.25586,,,,
Nicaragua,NIC,2018,115.0959091,37.59999847,2471160,2.975995302,6.747723,24.24915,18.58923,,,,
Niger,NER,2017,40.63850021,10.22431183,2222553,0.040041883,2.61,2.44505,4.96946,22.96816,17.06071,60.19768,69.89238
Niger,NER,2020,58.82269287,0.0,0,0.049573168,2.682462,2.82232,5.86553,,,,
Nigeria,NGA,2017,75.92481995,28.0,54178853,0.058066808,4.25,10.409905,13.266657,,,,
Nigeria,NGA,2018,88.18424225,31.89999962,63285649,0.037761386,5.0383425,10.13487,14.00782,,,,
North Macedonia,MKD,2010,103.9929657,51.90000153,1086697,12.49509239,7.052856,40.3952,34.69867,,,84.71133,86.00976
North Macedonia,MKD,2017,96.44629669,74.51682281,1573782,19.03437805,6.82,48.55228,36.69297,,,94.86301,94.91195
North Macedonia,MKD,2018,94.53430939,79.16775513,1673208,20.54598427,6.816772,49.24562,37.32403,,,,
North Macedonia,MKD,2020,89.38088226,81.40554047,1718534,22.82686615,7.296405,50.56366,35.90186,,,,
Norway,NOR,2010,114.6014252,93.38999939,4566535,35.27216721,11.301275,91.21774,56.46826,95.17598,95.43126,99.23571,98.93186
Norway,NOR,2017,107.9930725,96.35760498,5085172,40.88156509,11.24,98.72165,66.30628,95.59103,95.62558,,
Norway,NOR,2018,107.1737137,96.49166107,5125947,41.32402802,11.209513,99.69018,67.41017,,,,
Norway,NOR,2020,107.4584961,97.0,5218441,44.04270172,11.233873,101.77062,68.20296,,,,
Oman,OMN,2010,151.4460907,35.82780075,1032527,1.925276041,7.4834166,28.48786,19.77819,,,,
Oman,OMN,2017,148.8216248,80.18563843,3641914,7.478169441,8.9,54.81871,26.85347,95.76042,92.41487,,
Oman,OMN,2018,139.9674225,85.5,3933992,9.171272278,8.733114,55.55291,26.37033,99.30491,93.15358,,
Oman,OMN,2020,133.8469543,95.23000336,4326686,10.85332489,8.644991,57.38219,35.56854,,,,
Pakistan,PAK,2017,69.51482391,13.77999973,29817115,1.114926338,4.78,8.67735,9.97807,38.91654,31.62959,59.84739,69.59509
Pakistan,PAK,2018,72.55706024,15.34000015,33706811,0.987346232,5.0658207,8.32044,9.55403,40.36689,34.18399,61.56655,73.16876
Palestine,PSE,2017,84.17979431,63.29999924,0,7.580677986,7.5,54.22384,33.51358,83.33499,91.22223,95.16621,95.35516
Palestine,PSE,2018,89.97575378,64.3999939,0,7.486892223,7.88784,54.34769,34.5223,83.37074,91.23447,95.04651,94.64789
Palestine,PSE,2020,83.78302765,74.59999847,0,7.388363361,8.047291,53.81795,32.72084,,,,
Panama,PAN,2010,182.4572906,40.09999847,1453072,7.090699673,6.9109573,53.70443,35.0939,63.73858,68.58165,94.89117,96.32603
Panama,PAN,2017,128.5729675,59.95063019,2455620,10.74233818,7.19,,,61.71676,65.94409,85.90651,86.55897
Panama,PAN,2020,135.0171814,64.25,2759146,13.03460884,6.4808674,54.05562,34.98038,,,,
Paraguay,PRY,2010,94.76374817,19.79999924,1142186,1.432341814,6.9451528,40.88207,28.64209,58.41696,63.58177,87.98466,87.85244
Peru,PER,2010,100.3013535,34.77000046,10163124,3.212461948,7.7179785,,,76.0262,79.51214,,
Peru,PER,2017,123.759758,50.45041275,15945099,7.34701395,8.28,72.67321,68.7343,86.44261,84.72109,,
Peru,PER,2018,131.7778931,55.05433273,17729668,7.927901268,8.447705,,,90.92061,87.71031,,
Philippines,PHL,2017,114.071106,41.59999847,44403213,3.232097149,8.37,40.41902,30.77703,,,93.69001,93.85718
Philippines,PHL,2018,126.2046509,44.09999847,47878853,3.552217007,8.34696,33.687183,25.611961,,,,
Philippines,PHL,2020,136.5011292,49.79999924,55871109,7.242650032,7.492334,37.747875,29.237698,,,,
Poland,POL,2010,122.4951172,62.31999969,24053872,15.28445435,10.688769,90.67485,59.59029,88.63195,90.70257,94.52642,94.61694
Poland,POL,2017,132.9502716,75.98536682,29279302,20.11182785,11.34,81.88045,54.37163,93.93706,94.23769,95.61223,95.94851
Poland,POL,2018,127.3299484,77.54173279,29870211,20.70435715,11.517844,82.98145,54.81766,,,,
Poland,POL,2020,130.3966827,83.18489075,31966596,22.11351967,11.374183,84.3575,56.99364,,,,
Portugal,PRT,2010,115.2350922,53.29999924,5643618,20.07056808,11.013366,71.16144,60.23138,,,,
Portugal,PRT,2017,114.3419876,73.79121399,7606050,34.74392319,11.46,67.69994,60.13022,94.01344,95.3391,97.19088,97.92208
Portugal,PRT,2018,115.6330414,74.66096497,7682489,36.90145111,11.563686,70.01124,61.287,,,,
Portugal,PRT,2020,116.2629929,78.26165771,8059531,40.80527496,11.310053,76.06442,64.75177,,,,
Qatar,QAT,2010,117.7835083,69.0,1182323,7.85351944,7.963889,26.28676,4.46534,96.0349,91.7859,,
Qatar,QAT,2017,146.3838654,97.38884735,2640956,9.415986061,8.5,51.5869,6.67459,,,93.32709,93.75847
Qatar,QAT,2018,141.8558197,99.65284729,2757138,9.631079674,8.734696,54.86746,7.01345,,,95.16615,93.07967
Qatar,QAT,2020,131.844635,99.65284729,2750807,10.2783947,8.77822,58.7689,8.0447,,,,
Romania,ROU,2010,118.9925842,39.93000031,8119850,14.65719032,8.935521,74.36121,54.20947,,,90.70308,91.89562
Romania,ROU,2017,113.9718933,63.74728394,12557483,24.19247818,8.81,55.43648,43.78587,82.39479,83.3281,82.0348,82.41144
Romania,ROU,2018,116.0354156,70.68127441,13858321,26.09238243,8.613272,57.41595,45.07366,,,,
Romania,ROU,2020,117.4361343,78.45526886,15253305,29.55023003,8.369189,60.18285,46.73869,,,,
Russia,RUS,2017,156.1874084,76.00814056,110555774,21.37237549,11.9,89.11636,75.03015,90.39799,90.97303,,
Russia,RUS,2018,157.4313049,80.86472321,117781320,22.00088692,11.776281,91.72388,77.75325,,,,
Rwanda,RWA,2017,73.61026001,21.76763344,2662256,0.181788415,3.75,6.97135,7.78859,,,97.39013,96.47141
Rwanda,RWA,2018,78.85411072,25.0,3132952,0.060973976,3.8871112,6.01428,7.45429,32.92642,38.78909,95.13837,94.44055
Rwanda,RWA,2020,81.95050812,26.5,3483787,0.136540323,3.9257712,6.47335,8.07077,,,,
Saint Lucia,LCA,2018,101.6795959,48.29999924,85923,17.7388401,8.201881,18.6856,9.4399,80.91649,81.71289,96.08382,94.73013
Saint Lucia,LCA,2020,110.5501938,53.29999924,95538,17.97121429,8.4803295,22.0086,10.69699,,,,
Saint Vincent and the Grenadines,VCT,2018,102.0252075,56.0,58966,22.33261681,7.798963,12.960555,4.1718554,87.44717,91.64213,,
Samoa,WSM,2018,50.98685074,0.0,0,0.862697482,6.6519566,20.30426,9.58589,,,,
Samoa,WSM,2020,34.77577209,0.0,0,0.852762401,7.2451687,20.28325,14.42088,,,,
Saudi Arabia,SAU,2010,188.043869,41.0,12058891,6.241818905,7.4291887,39.29681,34.07515,,,96.91765,97.29473
Saudi Arabia,SAU,2017,121.4789505,94.17559814,32201575,20.09986115,8.1,69.34002,70.03419,92.0879,88.96857,95.2649,95.1099
Saudi Arabia,SAU,2018,122.5733109,93.31000519,32675421,20.24129105,8.0062895,69.87621,66.33683,98.52917,94.10711,94.43822,94.64963
Saudi Arabia,SAU,2020,124.1328201,97.86000061,35226770,22.66412926,7.8881774,73.55699,67.93197,,,,
Senegal,SEN,2010,65.8117981,8.0,1002410,0.620335102,4.5150957,5.60403,9.61577,,,73.6628,69.52928
Senegal,SEN,2017,102.1986084,29.64312363,4493243,0.725030303,4.78,8.64482,14.41189,35.9396,39.42459,79.59276,71.27036
Senegal,SEN,2018,104.4506378,35.29999924,5497943,0.818830311,4.8641224,10.30509,15.23583,,,,
Senegal,SEN,2020,113.9454803,42.59999847,7001787,0.918619633,4.838319,12.3238,15.74208,,,,
Serbia,SRB,2010,136.0150452,40.90000153,3130383,11.79567719,9.430452,55.62779,42.84228,89.32344,91.05135,92.48981,92.99222
Serbia,SRB,2017,123.1427536,70.33083344,5250114,21.14926529,11.15,76.85531,56.72797,92.01063,92.92801,95.21544,95.14166
Serbia,SRB,2018,121.0748215,73.36071014,5453507,22.28909492,11.210345,78.25281,56.69626,91.62383,92.5323,94.58089,94.52288
Serbia,SRB,2020,120.2168579,78.36804199,5766328,25.18350029,9.752607,79.94458,56.99279,,,,
Seychelles,SYC,2010,128.8426971,41.0,37894,7.443241596,8.550605,,,72.50807,77.01671,,
Seychelles,SYC,2017,173.4966431,58.76980972,59844,15.78647137,10.14,27.91195,12.09792,75.02705,84.44895,,
Seychelles,SYC,2018,184.2980194,70.09999847,72287,20.27787018,9.674071,23.30402,11.23562,77.63271,82.59028,,
Seychelles,SYC,2020,186.5821991,79.0,83381,35.55370331,9.700825,20.99087,8.75505,,,,
Sierra Leone,SLE,2017,88.46989441,13.23693085,1016275,0.0,4.52,,,38.53384,38.12873,,
Sierra Leone,SLE,2018,83.07224274,15.80000019,1242083,0.0,4.6573877,,,42.52242,41.00903,,
Singapore,SGP,2017,146.8437195,84.45227051,4868242,25.85300255,12.9,91.19697,78.93885,99.7717,99.79816,,
Singapore,SGP,2018,148.8215637,88.16563416,5126429,25.94182014,12.937873,95.41782,82.913,,,,
Singapore,SGP,2020,144.3471222,92.00434875,5437341,25.80532837,12.81329,98.27005,88.37732,,,,
Slovakia,SVK,2010,109.6352615,75.70999908,4085636,16.22696686,10.243245,69.6171,45.01948,84.89855,86.40775,84.92458,83.27135
Slovakia,SVK,2017,130.6513214,81.62566376,4439961,25.80117035,10.38,56.63234,37.10983,84.23779,85.3043,84.10775,82.12587
Slovakia,SVK,2018,132.8018188,80.4489212,4381848,27.64570236,10.101996,54.8891,36.30809,,,,
Slovakia,SVK,2020,133.5198669,89.92090607,4906697,31.1661644,9.799783,57.21841,38.5048,,,,
Slovenia,SVN,2010,103.8472824,70.0,1440106,23.0273819,11.185949,107.43621,72.27736,93.42939,94.65004,98.6308,98.23719
Slovenia,SVN,2017,117.6641846,78.88542938,1655329,28.98390198,11.61,93.0217,64.94869,94.81207,96.62219,,
Slovenia,SVN,2018,118.6742249,79.74997711,1679479,29.48956108,11.61505,91.63234,63.47811,,,,
Slovenia,SVN,2020,122.701828,86.6013031,1833911,31.34311867,11.370939,95.00724,65.87554,,,,
Solomon Islands,SLB,2018,73.83377838,0.0,0,0.227921277,5.015643,,,,,67.82703,67.14029
South Africa,ZAF,2017,155.2323914,56.16739273,31813890,1.970169783,5.11,26.37453,18.41968,65.42324,78.52272,86.70383,87.31522
South Africa,ZAF,2018,159.9306641,62.40000153,35779931,1.915495396,5.570013,28.31438,19.35346,,,,
South Africa,ZAF,2020,161.7965851,70.0,41161350,2.197076082,5.603404,29.60361,18.93135,,,,
South Korea,KOR,2010,102.4656143,83.69999695,40856510,34.70390701,12.246545,86.81078,116.74681,95.07951,94.7059,,
South Korea,KOR,2017,124.5854263,95.06941986,48971817,41.48220062,12.24,82.8425,104.751,98.19101,97.80743,97.15902,97.34545
South Korea,KOR,2018,129.6727905,96.02285767,49621636,41.59692764,12.247689,84.94791,105.81173,,,,
South Korea,KOR,2020,137.5361786,96.50505829,50032746,43.54893112,11.684028,92.7929,111.35395,,,,
South Sudan,SSD,2018,17.45870781,4.800000191,498976,0.00182217,2.5113463,0.34375,1.15057,,,,
Spain,ESP,2010,109.4999084,65.80000305,30644888,22.69793701,10.266474,84.16237,68.09579,89.61511,92.20098,,
Spain,ESP,2017,112.5612488,84.60224915,39411254,31.44484711,10.78,97.02816,81.05325,96.05046,97.75094,97.64003,96.92663
Spain,ESP,2018,115.9942169,86.10723877,40291337,32.50380325,10.662965,99.96835,82.66291,,,,
Spain,ESP,2020,119.0203629,93.20565033,44145745,34.62427139,10.514696,106.38672,86.0431,,,,
Sri Lanka,LKA,2017,133.4676208,21.29999924,4580952,5.776704788,8.3,22.82258,15.07076,87.65647,90.43005,,
Sri Lanka,LKA,2018,142.6507263,26.0,5610985,7.274625301,8.374124,23.44222,15.7993,89.82158,92.25549,,
Sri Lanka,LKA,2020,138.8414459,35.0,7600277,8.319755554,8.462184,26.67253,16.52597,,,,
Sudan,SDN,2017,70.18317413,18.60000038,7566447,0.074850425,4.42,,,,,58.91671,61.06519
Sweden,SWE,2010,117.0629425,90.0,8443550,31.94338036,11.119785,89.57827,58.48075,93.05355,93.08986,,
Sweden,SWE,2017,126.3952026,93.00626373,9354748,38.91849899,11.67,82.07651,52.72135,,,,
Sweden,SWE,2018,126.6219482,89.2469635,9069544,39.53300476,11.709058,89.7793,56.14541,,,,
Sweden,SWE,2020,126.6611023,94.53942871,9802763,41.38493347,11.580874,104.97617,65.28606,,,,
Switzerland,CHE,2010,123.5056763,83.90000153,6563031,37.31128693,11.223486,52.65946,53.21018,84.93788,82.3699,93.76425,94.15141
Switzerland,CHE,2017,131.1359406,89.6861496,7579994,46.31990051,11.13,60.32979,58.82378,86.66088,83.93147,,
Switzerland,CHE,2018,126.5434494,91.80000305,7816248,45.55541992,11.112429,62.31203,60.47684,,,,
Switzerland,CHE,2020,127.306694,94.19999695,8137569,46.54435349,10.933773,67.2177,63.51679,,,,
Tajikistan,TJK,2017,111.5281677,21.95999908,1960046,0.067565531,7.67,26.85371,35.47167,,,,
Tanzania,TZA,2017,73.0947876,15.99999905,9002726,1.396745801,4.82,,,24.10939,25.00132,85.18502,82.00978
Tanzania,TZA,2018,77.2413559,19.0,11037184,1.52935791,4.474151,,,25.79293,27.31307,82.84537,79.84613
Tanzania,TZA,2020,85.74688721,22.0,13574994,1.901101351,4.4849176,7.12773,8.52907,,,,
Thailand,THA,2010,106.7434616,22.39999962,15292589,4.839422226,8.45008,56.551006,44.269787,73.11873,81.23548,,
Thailand,THA,2017,175.5964966,52.89192963,37499430,11.85959053,8.64,55.306755,39.457584,,,,
Thailand,THA,2018,180.1826172,56.81748199,40413030,13.23520756,8.855771,54.21275,38.001656,,,,
Thailand,THA,2020,166.6103668,77.84374237,55639332,16.44451141,8.68309,49.78047,35.793682,,,,
Togo,TGO,2017,78.84555817,12.36022472,970624,0.656623662,5.57,8.1666,17.7924,48.52573,33.45215,88.03994,93.7767
Togo,TGO,2018,77.88610077,15.5,1247235,0.331546336,5.709833,8.92373,18.07633,,,88.30915,93.13954
Togo,TGO,2020,78.71394348,24.0,2026220,0.636644006,5.9727387,11.05786,19.71367,,,,
Tonga,TON,2020,58.65935135,0.0,0,4.730592728,7.1402106,26.71898,10.75697,,,,
Trinidad and Tobago,TTO,2010,142.6227722,48.5,683994,12.26144409,8.134325,,,,,94.83918,95.71419
Tunisia,TUN,2010,104.5035324,36.79999924,4009383,4.534018993,6.803711,43.22497,27.84482,,,,
Tunisia,TUN,2017,125.3697586,55.5001564,6555368,7.012629509,6.27,41.66291,23.08941,,,,
Tunisia,TUN,2018,127.7071991,64.19081116,7659915,8.767776489,6.368259,41.23498,22.80329,,,,
Tunisia,TUN,2020,125.6733704,71.90000153,8744277,11.28777409,6.494052,43.04579,23.2106,,,,
Turkey,TUR,2010,85.40329742,39.81999969,29146389,9.813989639,9.119613,50.53242,62.11157,83.72172,78.07046,95.38382,96.76154
Turkey,TUR,2017,95.91170502,64.68461609,53099488,14.7009697,8.9,102.44184,116.43595,88.3655,86.04436,87.18836,88.58257
Turkey,TUR,2018,97.30133057,71.04276276,58830017,16.28274345,8.864876,107.05119,119.17521,,,,
Turkey,TUR,2020,97.37848663,77.66999817,65347988,19.84235001,9.227495,115.36449,118.79391,,,,
Tuvalu,TUV,2018,73.86166382,0.0,0,0.0,5.8087997,,,62.48507,71.19497,,
Uganda,UGA,2010,39.55901718,4.300000191,1390694,0.043172345,3.9197464,3.4863,4.67175,,,92.45064,90.55265
Ukraine,UKR,2010,117.7678223,23.29999924,10644144,6.454904079,10.271507,89.5358,71.25946,85.74998,86.24491,90.68996,90.14763
United Arab Emirates,ARE,2017,208.9786072,94.8199234,8598552,29.11110878,9.49,,,95.1514,90.32952,,
United Arab Emirates,ARE,2020,185.7794189,100.0,9287286,32.81082916,9.645997,66.34543,46.35613,,,,
United Kingdom,GBR,2010,120.9109039,85.0,53346041,30.17895699,11.32212,67.52451,50.53971,95.56562,96.79978,97.98666,98.03254
United Kingdom,GBR,2017,118.5403976,90.42455292,59738807,39.02955627,11.48,69.37931,50.97231,97.03468,97.23472,99.34894,99.62836
United Kingdom,GBR,2018,117.4992905,90.69200897,60249419,39.59851456,11.457277,71.14698,51.98603,,,,
United Kingdom,GBR,2020,116.3818588,94.81819916,63584584,40.25909805,11.538006,80.20752,59.14948,,,,
United States,USA,2010,92.26776886,71.69000244,223086991,27.35238266,10.35244,,,87.62882,89.18024,93.51886,93.23588
United States,USA,2017,123.044838,87.27488708,287824925,33.28362656,11.14,102.01133,74.99719,91.88962,93.03496,94.57828,94.6724
United States,USA,2018,106.4646835,88.49890137,293940279,33.86036682,10.779745,102.35404,74.89505,,,,
United States,USA,2020,106.1855545,90.90000153,305371298,36.60876846,10.55677,102.95674,72.84025,,,,
Uruguay,URY,2010,132.0867767,46.40000153,1555631,11.41761208,8.48609,65.05852,40.08322,,,,
Uruguay,URY,2017,148.3299866,70.32235718,2406575,27.73874283,8.38,,,85.42257,91.12043,,
Uruguay,URY,2018,129.278183,80.72684479,2766544,28.33601761,8.650635,100.96828,60.96323,,,,
Uzbekistan,UZB,2020,99.75439453,71.09999847,23837456,14.40132618,9.133364,14.91682,16.88326,,,,
Vietnam,VNM,2010,126.8309402,30.64999962,26791476,4.171216488,10.082015,23.01379,22.63682,,,,
Zambia,ZMB,2017,79.73690796,12.19999981,2110363,0.21308209,5.25,,,,,84.92941,81.42986
Zimbabwe,ZWE,2010,60.64079285,6.400000095,821746,0.259889126,6.8357744,5.71466,7.79578,,,,
Zimbabwe,ZWE,2017,98.9850769,24.39999962,3599269,1.315693855,6.35,9.68927,8.00596,,,,
